<?xml version="1.0" encoding="UTF-8"?>
<GenRun Id="impl_1" LaunchPart="xc7z020clg484-1" LaunchTime="1464871094">
  <File Type="OPT-DCP" Name="ALU_opt.dcp"/>
  <File Type="RUN-CONSTRS" Name="$PDATADIR/runs/impl_1/constrs_in.xml"/>
  <File Type="RUN-SRCS" Name="$PDATADIR/runs/impl_1/sources.xml"/>
  <File Type="ROUTE-DCP" Name="ALU_routed.dcp"/>
  <File Type="PA-TCL" Name="ALU.tcl"/>
  <File Type="RUN-STRAT" Name="$PDATADIR/runs/impl_1/impl_1.psg"/>
  <File Type="OPT-DRC" Name="ALU_drc_opted.rpt"/>
  <File Type="INIT-TIMING" Name="ALU_timing_summary_init.rpt"/>
  <File Type="OPT-TIMING" Name="ALU_timing_summary_opted.rpt"/>
  <File Type="OPT-HWDEF" Name="ALU.hwdef"/>
  <File Type="PWROPT-DCP" Name="ALU_pwropt.dcp"/>
  <File Type="PWROPT-DRC" Name="ALU_drc_pwropted.rpt"/>
  <File Type="PWROPT-TIMING" Name="ALU_timing_summary_pwropted.rpt"/>
  <File Type="PLACE-DCP" Name="ALU_placed.dcp"/>
  <File Type="PLACE-IO" Name="ALU_io_placed.rpt"/>
  <File Type="PLACE-CLK" Name="ALU_clock_utilization_placed.rpt"/>
  <File Type="PLACE-UTIL" Name="ALU_utilization_placed.rpt"/>
  <File Type="PLACE-UTIL-PB" Name="ALU_utilization_placed.pb"/>
  <File Type="PLACE-CTRL" Name="ALU_control_sets_placed.rpt"/>
  <File Type="PLACE-SIMILARITY" Name="ALU_incremental_reuse_placed.rpt"/>
  <File Type="PLACE-PRE-SIMILARITY" Name="ALU_incremental_reuse_pre_placed.rpt"/>
  <File Type="PLACE-TIMING" Name="ALU_timing_summary_placed.rpt"/>
  <File Type="POSTPLACE-PWROPT-DCP" Name="ALU_postplace_pwropt.dcp"/>
  <File Type="POSTPLACE-PWROPT-TIMING" Name="ALU_timing_summary_postplace_pwropted.rpt"/>
  <File Type="PHYSOPT-DCP" Name="ALU_physopt.dcp"/>
  <File Type="RDI-RDI" Name="ALU.vdi"/>
  <File Type="PHYSOPT-DRC" Name="ALU_drc_physopted.rpt"/>
  <File Type="PHYSOPT-TIMING" Name="ALU_timing_summary_physopted.rpt"/>
  <File Type="ROUTE-DRC" Name="ALU_drc_routed.rpt"/>
  <File Type="ROUTE-DRC-PB" Name="ALU_drc_routed.pb"/>
  <File Type="ROUTE-PWR" Name="ALU_power_routed.rpt"/>
  <File Type="ROUTE-PWR-SUM" Name="ALU_power_summary_routed.pb"/>
  <File Type="ROUTE-STATUS" Name="ALU_route_status.rpt"/>
  <File Type="ROUTE-STATUS-PB" Name="ALU_route_status.pb"/>
  <File Type="ROUTE-TIMINGSUMMARY" Name="ALU_timing_summary_routed.rpt"/>
  <File Type="ROUTE-TIMING-PB" Name="ALU_timing_summary_routed.pb"/>
  <File Type="ROUTE-TIMING-RPX" Name="ALU_timing_summary_routed.rpx"/>
  <File Type="ROUTE-SIMILARITY" Name="ALU_incremental_reuse_routed.rpt"/>
  <File Type="ROUTE-CLK" Name="ALU_clock_utilization_routed.rpt"/>
  <File Type="POSTROUTE-PHYSOPT-DCP" Name="ALU_postroute_physopt.dcp"/>
  <File Type="POSTROUTE-PHYSOPT-TIMING" Name="ALU_timing_summary_postroute_physopted.rpt"/>
  <File Type="POSTROUTE-PHYSOPT-TIMING-PB" Name="ALU_timing_summary_postroute_physopted.pb"/>
  <File Type="POSTROUTE-PHYSOPT-TIMING-RPX" Name="ALU_timing_summary_postroute_physopted.rpx"/>
  <File Type="BG-BIT" Name="ALU.bit"/>
  <File Type="BG-BIN" Name="ALU.bin"/>
  <File Type="BITSTR-MSK" Name="ALU.msk"/>
  <File Type="BITSTR-RBT" Name="ALU.rbt"/>
  <File Type="BITSTR-NKY" Name="ALU.nky"/>
  <File Type="BITSTR-BMM" Name="ALU_bd.bmm"/>
  <File Type="BITSTR-MMI" Name="ALU.mmi"/>
  <File Type="BITSTR-SYSDEF" Name="ALU.sysdef"/>
  <File Type="BG-BGN" Name="ALU.bgn"/>
  <File Type="BG-DRC" Name="ALU.drc"/>
  <File Type="WBT-USG" Name="usage_statistics_webtalk.html"/>
  <FileSet Name="sources" Type="DesignSrcs" RelSrcDir="$PSRCDIR/sources_1">
    <Filter Type="Srcs"/>
    <File Path="$PSRCDIR/sources_1/imports/new/ALU.vhd">
      <FileInfo>
        <Attr Name="ImportPath" Val="$PPRDIR/../ALU/ALU.srcs/sources_1/new/ALU.vhd"/>
        <Attr Name="ImportTime" Val="1462786321"/>
        <Attr Name="UsedIn" Val="synthesis"/>
        <Attr Name="UsedIn" Val="simulation"/>
      </FileInfo>
    </File>
    <File Path="$PSRCDIR/sources_1/imports/Desktop/VON_NEUMANN/ple_memory/ple_memory.srcs/sources_1/imports/Downloads/RAM.vhd">
      <FileInfo>
        <Attr Name="AutoDisabled" Val="1"/>
        <Attr Name="ImportPath" Val="$PPRDIR/../ple_memory/ple_memory.srcs/sources_1/imports/Downloads/RAM.vhd"/>
        <Attr Name="ImportTime" Val="1462779616"/>
        <Attr Name="UsedIn" Val="synthesis"/>
        <Attr Name="UsedIn" Val="simulation"/>
      </FileInfo>
    </File>
    <File Path="$PSRCDIR/sources_1/imports/Desktop/PLE_VonNeumannleitwerk/Leitwerk/Leitwerk.srcs/sources_1/new/Leitwerk.vhd">
      <FileInfo>
        <Attr Name="AutoDisabled" Val="1"/>
        <Attr Name="ImportPath" Val="$PPRDIR/../../PLE_VonNeumannleitwerk/Leitwerk/Leitwerk.srcs/sources_1/new/Leitwerk.vhd"/>
        <Attr Name="ImportTime" Val="1463045569"/>
        <Attr Name="UsedIn" Val="synthesis"/>
        <Attr Name="UsedIn" Val="simulation"/>
      </FileInfo>
    </File>
    <Config>
      <Option Name="DesignMode" Val="RTL"/>
      <Option Name="TopModule" Val="ALU"/>
      <Option Name="TopAutoSet" Val="TRUE"/>
    </Config>
  </FileSet>
  <FileSet Name="constrs_in" Type="Constrs" RelSrcDir="$PSRCDIR/constrs_1">
    <Filter Type="Constrs"/>
    <Config>
      <Option Name="ConstrsType" Val="XDC"/>
    </Config>
  </FileSet>
  <Strategy Version="1" Minor="2">
    <StratHandle Name="Vivado Implementation Defaults" Flow="Vivado Implementation 2015"/>
    <Step Id="init_design"/>
    <Step Id="opt_design"/>
    <Step Id="power_opt_design"/>
    <Step Id="place_design"/>
    <Step Id="post_place_power_opt_design"/>
    <Step Id="phys_opt_design"/>
    <Step Id="route_design"/>
    <Step Id="post_route_phys_opt_design"/>
    <Step Id="write_bitstream"/>
  </Strategy>
</GenRun>
