<?xml version="1.0" encoding="UTF-8" ?>
<webTalkData  fileName='usage_statistics_ext_xsim.xml'  majorVersion='1' minorVersion='0' timeStamp='Wed Jun 01 11:30:05 2016'>
<section name="__ROOT__" level="0" order="1" description="">
 <section name="software_version_and_target_device" level="1" order="1" description="">
  <keyValuePair key="beta" value="FALSE" description="" />
  <keyValuePair key="build_version" value="1431336" description="" />
  <keyValuePair key="date_generated" value="Wed Jun 01 11:30:05 2016" description="" />
  <keyValuePair key="os_platform" value="WIN64" description="" />
  <keyValuePair key="product_version" value="XSIM v2015.4.1 (64-bit)" description="" />
  <keyValuePair key="project_id" value="fe9101e51e2f46fd8725419ef04f19ac" description="" />
  <keyValuePair key="project_iteration" value="2" description="" />
  <keyValuePair key="random_id" value="c9ba1a9e-a8f9-4ca1-96a8-b507512a4b72" description="" />
  <keyValuePair key="registration_id" value="174111756_174111757_0_749" description="" />
  <keyValuePair key="route_design" value="FALSE" description="" />
  <keyValuePair key="target_device" value="not_applicable" description="" />
  <keyValuePair key="target_family" value="not_applicable" description="" />
  <keyValuePair key="target_package" value="not_applicable" description="" />
  <keyValuePair key="target_speed" value="not_applicable" description="" />
  <keyValuePair key="tool_flow" value="xsim_vivado" description="" />
 </section>
 <section name="user_environment" level="1" order="2" description="">
  <keyValuePair key="cpu_name" value="Intel(R) Core(TM) i5-4590 CPU @ 3.30GHz" description="" />
  <keyValuePair key="cpu_speed" value="3292 MHz" description="" />
  <keyValuePair key="os_name" value="Microsoft Windows 7 , 64-bit" description="" />
  <keyValuePair key="os_release" value="Service Pack 1  (build 7601)" description="" />
  <keyValuePair key="system_ram" value="17.000 GB" description="" />
  <keyValuePair key="total_processors" value="1" description="" />
 </section>
 <section name="vivado_usage" level="1" order="3" description="">
 </section>
 <section name="xsim" level="1" order="4" description="">
  <section name="command_line_options" level="2" order="1" description="">
   <keyValuePair key="command" value="xsim" description="" />
   <keyValuePair key="runall" value="true" description="" />
   <keyValuePair key="runall" value="true" description="" />
   <keyValuePair key="runall" value="true" description="" />
   <keyValuePair key="runall" value="true" description="" />
   <keyValuePair key="runall" value="true" description="" />
   <keyValuePair key="runall" value="true" description="" />
   <keyValuePair key="runall" value="true" description="" />
   <keyValuePair key="runall" value="true" description="" />
   <keyValuePair key="runall" value="true" description="" />
   <keyValuePair key="runall" value="true" description="" />
   <keyValuePair key="runall" value="true" description="" />
   <keyValuePair key="runall" value="true" description="" />
   <keyValuePair key="runall" value="true" description="" />
   <keyValuePair key="runall" value="true" description="" />
   <keyValuePair key="runall" value="true" description="" />
   <keyValuePair key="runall" value="true" description="" />
   <keyValuePair key="runall" value="true" description="" />
   <keyValuePair key="runall" value="true" description="" />
  </section>
  <section name="usage" level="2" order="2" description="">
   <keyValuePair key="iteration" value="1" description="" />
   <keyValuePair key="runtime" value="20870 ns" description="" />
   <keyValuePair key="simulation_memory" value="21260_KB" description="" />
   <keyValuePair key="simulation_time" value="0.80_sec" description="" />
   <keyValuePair key="trace_waveform" value="true" description="" />
  </section>
 </section>
</section>
</webTalkData>
