<?xml version="1.0" encoding="UTF-8"?>
<GenRun Id="impl_1" LaunchPart="xc7z020clg484-1" LaunchTime="1461853971">
  <File Type="OPT-DCP" Name="RAM_opt.dcp"/>
  <File Type="RUN-CONSTRS" Name="$PDATADIR/runs/impl_1/constrs_in.xml"/>
  <File Type="RUN-SRCS" Name="$PDATADIR/runs/impl_1/sources.xml"/>
  <File Type="PWROPT-DCP" Name="RAM_pwropt.dcp"/>
  <File Type="ROUTE-DCP" Name="RAM_routed.dcp"/>
  <File Type="PA-TCL" Name="RAM.tcl"/>
  <File Type="RUN-STRAT" Name="$PDATADIR/runs/impl_1/impl_1.psg"/>
  <File Type="OPT-DRC" Name="RAM_drc_opted.rpt"/>
  <File Type="PWROPT-DRC" Name="RAM_drc_pwropted.rpt"/>
  <File Type="OPT-HWDEF" Name="RAM.hwdef"/>
  <File Type="PLACE-DCP" Name="RAM_placed.dcp"/>
  <File Type="PLACE-IO" Name="RAM_io_placed.rpt"/>
  <File Type="PLACE-CLK" Name="RAM_clock_utilization_placed.rpt"/>
  <File Type="PLACE-UTIL" Name="RAM_utilization_placed.rpt"/>
  <File Type="PLACE-UTIL-PB" Name="RAM_utilization_placed.pb"/>
  <File Type="PLACE-CTRL" Name="RAM_control_sets_placed.rpt"/>
  <File Type="PLACE-SIMILARITY" Name="RAM_incremental_reuse_placed.rpt"/>
  <File Type="PLACE-PRE-SIMILARITY" Name="RAM_incremental_reuse_pre_placed.rpt"/>
  <File Type="POSTPLACE-PWROPT-DCP" Name="RAM_postplace_pwropt.dcp"/>
  <File Type="PHYSOPT-DCP" Name="RAM_physopt.dcp"/>
  <File Type="RDI-RDI" Name="RAM.vdi"/>
  <File Type="PHYSOPT-DRC" Name="RAM_drc_physopted.rpt"/>
  <File Type="ROUTE-DRC" Name="RAM_drc_routed.rpt"/>
  <File Type="ROUTE-DRC-PB" Name="RAM_drc_routed.pb"/>
  <File Type="ROUTE-PWR" Name="RAM_power_routed.rpt"/>
  <File Type="ROUTE-PWR-SUM" Name="RAM_power_summary_routed.pb"/>
  <File Type="ROUTE-STATUS" Name="RAM_route_status.rpt"/>
  <File Type="ROUTE-STATUS-PB" Name="RAM_route_status.pb"/>
  <File Type="ROUTE-TIMINGSUMMARY" Name="RAM_timing_summary_routed.rpt"/>
  <File Type="ROUTE-TIMING-PB" Name="RAM_timing_summary_routed.pb"/>
  <File Type="ROUTE-TIMING-RPX" Name="RAM_timing_summary_routed.rpx"/>
  <File Type="ROUTE-SIMILARITY" Name="RAM_incremental_reuse_routed.rpt"/>
  <File Type="ROUTE-CLK" Name="RAM_clock_utilization_routed.rpt"/>
  <File Type="POSTROUTE-PHYSOPT-DCP" Name="RAM_postroute_physopt.dcp"/>
  <File Type="POSTROUTE-PHYSOPT-TIMING" Name="RAM_timing_summary_postroute_physopted.rpt"/>
  <File Type="POSTROUTE-PHYSOPT-TIMING-PB" Name="RAM_timing_summary_postroute_physopted.pb"/>
  <File Type="POSTROUTE-PHYSOPT-TIMING-RPX" Name="RAM_timing_summary_postroute_physopted.rpx"/>
  <File Type="BG-BIT" Name="RAM.bit"/>
  <File Type="BG-BIN" Name="RAM.bin"/>
  <File Type="BITSTR-MSK" Name="RAM.msk"/>
  <File Type="BITSTR-RBT" Name="RAM.rbt"/>
  <File Type="BITSTR-NKY" Name="RAM.nky"/>
  <File Type="BITSTR-BMM" Name="RAM_bd.bmm"/>
  <File Type="BITSTR-MMI" Name="RAM.mmi"/>
  <File Type="BITSTR-SYSDEF" Name="RAM.sysdef"/>
  <File Type="BG-BGN" Name="RAM.bgn"/>
  <File Type="BG-DRC" Name="RAM.drc"/>
  <File Type="WBT-USG" Name="usage_statistics_webtalk.html"/>
  <FileSet Name="sources" Type="DesignSrcs" RelSrcDir="$PSRCDIR/sources_1">
    <Filter Type="Srcs"/>
    <File Path="$PSRCDIR/sources_1/imports/Downloads/RAM.vhd">
      <FileInfo>
        <Attr Name="ImportPath" Val="E:/PLE/ram.srcs/sources_1/imports/Downloads/RAM.vhd"/>
        <Attr Name="ImportTime" Val="1461766456"/>
        <Attr Name="UsedIn" Val="synthesis"/>
        <Attr Name="UsedIn" Val="simulation"/>
      </FileInfo>
    </File>
    <Config>
      <Option Name="DesignMode" Val="RTL"/>
      <Option Name="TopModule" Val="RAM"/>
      <Option Name="TopAutoSet" Val="TRUE"/>
    </Config>
  </FileSet>
  <FileSet Name="constrs_in" Type="Constrs" RelSrcDir="$PSRCDIR/constrs_1">
    <Filter Type="Constrs"/>
    <Config>
      <Option Name="ConstrsType" Val="XDC"/>
    </Config>
  </FileSet>
  <Strategy Version="1" Minor="2">
    <StratHandle Name="Vivado Implementation Defaults" Flow="Vivado Implementation 2015"/>
    <Step Id="init_design"/>
    <Step Id="opt_design"/>
    <Step Id="power_opt_design"/>
    <Step Id="place_design"/>
    <Step Id="post_place_power_opt_design"/>
    <Step Id="phys_opt_design"/>
    <Step Id="route_design"/>
    <Step Id="post_route_phys_opt_design"/>
    <Step Id="write_bitstream"/>
  </Strategy>
</GenRun>
